student_id,course_code,classes_held,classes_attended
S1001,CS101,44,33
S1001,MA101,44,34
S1001,CS201,40,30
S1001,CS202,59,46
S1001,MA201,40,28
S1002,CS101,44,24
S1002,MA101,44,25
S1002,CS201,40,31
S1002,CS202,59,45
S1002,MA201,40,20
S1003,CS101,44,41
S1003,MA101,44,42
S1003,CS201,40,29
S1003,CS202,59,55
S1003,MA201,40,36
S1004,CS101,44,40
S1004,MA101,44,41
S1004,CS201,40,38
S1004,CS202,59,58
S1004,MA201,40,38
S1005,CS101,44,29
S1005,MA101,44,30
S1005,CS201,40,26
S1005,CS202,59,48
S1005,MA201,40,26
S1006,CS101,44,26
S1006,MA101,44,36
S1006,CS201,40,32
S1006,CS202,59,50
S1006,MA201,40,32
S1007,CS101,44,37
S1007,MA101,44,37
S1007,CS201,40,33
S1007,CS202,59,47
S1007,MA201,40,33
S1008,CS101,44,35
S1008,MA101,44,35
S1008,CS201,40,31
S1008,CS202,59,48
S1008,MA201,40,31
S1009,CS101,44,33
S1009,MA101,44,33
S1009,CS201,40,29
S1009,CS202,59,45
S1009,MA201,40,29
S1010,CS101,44,39
S1010,MA101,44,39
S1010,CS201,40,35
S1010,CS202,59,52
S1010,MA201,40,35
S1011,CS101,44,34
S1011,MA101,44,35
S1011,CS201,40,32
S1011,CS202,59,48
S1011,MA201,40,32
S1011,CS301,42,37
S1012,CS101,44,36
S1012,MA101,44,36
S1012,CS201,40,34
S1012,CS202,59,53
S1012,MA201,40,34
S1012,CS301,42,39
S1013,CS101,44,29
S1013,MA101,44,30
S1013,CS201,40,28
S1013,CS202,59,44
S1013,MA201,40,28
S1013,CS301,42,33
S1014,CS101,44,31
S1014,MA101,44,32
S1014,CS201,40,30
S1014,CS202,59,51
S1014,MA201,40,30
S1014,CS301,42,36
S1015,CS101,44,38
S1015,MA101,44,38
S1015,CS201,40,36
S1015,CS202,59,56
S1015,MA201,40,36
S1015,CS301,42,41
S1016,CS101,44,33
S1016,MA101,44,33
S1016,CS201,40,28
S1016,CS202,59,43
S1016,MA201,40,28
S1016,CS301,42,30
S1017,CS101,44,37
S1017,MA101,44,37
S1017,CS201,40,31
S1017,CS202,59,52
S1017,MA201,40,31
S1017,CS301,42,34
S1018,CS101,44,40
S1018,MA101,44,40
S1018,CS201,40,36
S1018,CS202,59,57
S1018,MA201,40,36
S1018,CS301,42,38
S1019,CS101,44,31
S1019,MA101,44,31
S1019,CS201,40,25
S1019,CS202,59,48
S1019,MA201,40,25
S1019,CS301,42,28
S1020,CS101,44,42
S1020,MA101,44,42
S1020,CS201,40,38
S1020,CS202,59,59
S1020,MA201,40,38
S1020,CS301,42,40
S1021,EC101,44,33
S1021,MA102,44,41
S1021,EC201,40,30
S1021,EC202,40,36
S1021,MA202,40,32
S1022,EC101,44,36
S1022,MA102,44,43
S1022,EC201,40,36
S1022,EC202,40,36
S1022,MA202,40,36
S1023,EC101,44,31
S1023,MA102,44,40
S1023,EC201,40,35
S1023,EC202,40,38
S1023,MA202,40,35
S1024,EC101,44,38
S1024,MA102,44,42
S1024,EC201,40,39
S1024,EC202,40,39
S1024,MA202,40,39
S1025,EC101,44,37
S1025,MA102,44,42
S1025,EC201,40,38
S1025,EC202,40,38
S1025,MA202,40,38
S1026,EC101,44,35
S1026,MA102,44,35
S1026,EC201,40,32
S1026,EC202,40,32
S1026,MA202,40,32
S1027,EC101,44,38
S1027,MA102,44,38
S1027,EC201,40,36
S1027,EC202,40,36
S1027,MA202,40,36
S1028,EC101,44,40
S1028,MA102,44,40
S1028,EC201,40,38
S1028,EC202,40,38
S1028,MA202,40,38
S1029,EC101,44,28
S1029,MA102,44,28
S1029,EC201,40,26
S1029,EC202,40,26
S1029,MA202,40,26
S1030,EC101,44,32
S1030,MA102,44,32
S1030,EC201,40,30
S1030,EC202,40,30
S1030,MA202,40,30
S1031,EC101,44,33
S1031,MA102,44,33
S1031,EC201,40,25
S1031,EC202,40,36
S1031,MA202,40,37
S1031,EC301,42,40
S1032,EC101,44,39
S1032,MA102,44,29
S1032,EC201,40,38
S1032,EC202,40,39
S1032,MA202,40,38
S1032,EC301,42,40
S1033,EC101,44,42
S1033,MA102,44,42
S1033,EC201,40,40
S1033,EC202,40,40
S1033,MA202,40,40
S1033,EC301,42,42
S1034,EC101,44,34
S1034,MA102,44,31
S1034,EC201,40,37
S1034,EC202,40,38
S1034,MA202,40,37
S1034,EC301,42,40
S1035,EC101,44,35
S1035,MA102,44,32
S1035,EC201,40,39
S1035,EC202,40,40
S1035,MA202,40,39
S1035,EC301,42,40
S1036,EC101,44,33
S1036,MA102,44,36
S1036,EC201,40,37
S1036,EC202,40,37
S1036,MA202,40,36
S1036,EC301,42,40
S1037,EC101,44,31
S1037,MA102,44,34
S1037,EC201,40,36
S1037,EC202,40,36
S1037,MA202,40,34
S1037,EC301,42,40
S1038,EC101,44,29
S1038,MA102,44,32
S1038,EC201,40,35
S1038,EC202,40,35
S1038,MA202,40,32
S1038,EC301,42,39
S1039,EC101,44,35
S1039,MA102,44,38
S1039,EC201,40,39
S1039,EC202,40,39
S1039,MA202,40,38
S1039,EC301,42,42
S1040,EC101,44,26
S1040,MA102,44,30
S1040,EC201,40,33
S1040,EC202,40,33
S1040,MA202,40,30
S1040,EC301,42,38
