student_id,course_code,exam_session,exam_type,internal_marks,external_marks,total_marks,max_marks,result
S1001,CS101,2025-NOV,REGULAR,30,40,70,100,PASS
S1001,MA101,2025-NOV,REGULAR,25,35,60,100,PASS
S1002,CS101,2025-NOV,REGULAR,20,30,50,100,PASS
S1002,MA101,2025-NOV,REGULAR,20,30,50,100,PASS
S1003,CS101,2025-NOV,REGULAR,35,50,85,100,PASS
S1003,MA101,2025-NOV,REGULAR,35,50,85,100,PASS
S1004,CS101,2025-NOV,REGULAR,40,55,95,100,PASS
S1005,MA101,2025-NOV,REGULAR,25,30,55,100,PASS
S1006,MA101,2025-NOV,REGULAR,24,32,56,100,PASS
S1007,CS101,2025-NOV,REGULAR,29,29,58,100,PASS
S1007,MA101,2025-NOV,REGULAR,25,33,58,100,PASS
S1008,CS101,2025-NOV,REGULAR,27,27,54,100,PASS
S1009,CS101,2025-NOV,REGULAR,26,26,52,100,PASS
S1009,MA101,2025-NOV,REGULAR,22,30,52,100,PASS
S1010,CS101,2025-NOV,REGULAR,30,30,60,100,PASS
S1010,MA101,2025-NOV,REGULAR,26,34,60,100,PASS
S1011,CS101,2024-NOV,REGULAR,30,36,66,100,PASS
S1011,MA101,2024-NOV,REGULAR,28,30,58,100,PASS
S1012,CS101,2024-NOV,REGULAR,35,42,77,100,PASS
S1012,MA101,2024-NOV,REGULAR,32,40,72,100,PASS
S1012,CS202,2025-NOV,REGULAR,30,45,75,100,PASS
S1012,MA201,2025-NOV,REGULAR,30,40,70,100,PASS
S1013,CS101,2024-NOV,REGULAR,20,30,50,100,PASS
S1013,MA101,2024-NOV,REGULAR,22,28,50,100,PASS
S1013,CS201,2025-NOV,REGULAR,18,30,48,100,PASS
S1013,CS202,2025-NOV,REGULAR,20,35,55,100,PASS
S1013,MA201,2025-NOV,REGULAR,20,30,50,100,PASS
S1014,CS101,2024-NOV,REGULAR,25,35,60,100,PASS
S1014,MA101,2024-NOV,REGULAR,26,32,58,100,PASS
S1014,CS201,2025-NOV,REGULAR,22,35,57,100,PASS
S1014,CS202,2025-NOV,REGULAR,25,40,65,100,PASS
S1014,MA201,2025-NOV,REGULAR,25,35,60,100,PASS
S1015,CS101,2024-NOV,REGULAR,35,45,80,100,PASS
S1015,MA101,2024-NOV,REGULAR,32,42,74,100,PASS
S1015,CS201,2025-NOV,REGULAR,28,42,70,100,PASS
S1015,CS202,2025-NOV,REGULAR,30,50,80,100,PASS
S1015,MA201,2025-NOV,REGULAR,30,42,72,100,PASS
S1016,CS101,2024-NOV,REGULAR,26,38,64,100,PASS
S1016,MA101,2024-NOV,REGULAR,32,28,60,100,PASS
S1016,CS201,2025-NOV,REGULAR,28,30,58,100,PASS
S1016,CS202,2025-NOV,REGULAR,34,32,66,100,PASS
S1016,MA201,2025-NOV,REGULAR,24,32,56,100,PASS
S1017,CS101,2024-NOV,REGULAR,24,34,58,100,PASS
S1017,MA101,2024-NOV,REGULAR,30,26,56,100,PASS
S1017,CS201,2025-NOV,REGULAR,28,28,56,100,PASS
S1017,CS202,2025-NOV,REGULAR,32,30,62,100,PASS
S1017,MA201,2025-NOV,REGULAR,22,30,52,100,PASS
S1018,CS101,2024-NOV,REGULAR,32,38,70,100,PASS
S1018,MA101,2024-NOV,REGULAR,36,28,64,100,PASS
S1018,CS201,2025-NOV,REGULAR,30,32,62,100,PASS
S1018,CS202,2025-NOV,REGULAR,36,34,70,100,PASS
S1018,MA201,2025-NOV,REGULAR,26,34,60,100,PASS
S1019,CS101,2024-NOV,REGULAR,22,34,56,100,PASS
S1019,MA101,2024-NOV,REGULAR,28,26,54,100,PASS
S1019,CS201,2025-NOV,REGULAR,24,30,54,100,PASS
S1019,CS202,2025-NOV,REGULAR,30,32,62,100,PASS
S1019,MA201,2025-NOV,REGULAR,20,32,52,100,PASS
S1020,CS101,2024-NOV,REGULAR,36,38,74,100,PASS
S1020,MA101,2024-NOV,REGULAR,40,28,68,100,PASS
S1020,CS201,2025-NOV,REGULAR,32,32,64,100,PASS
S1020,CS202,2025-NOV,REGULAR,40,34,74,100,PASS
S1020,MA201,2025-NOV,REGULAR,28,34,62,100,PASS
S1021,EC101,2025-NOV,REGULAR,34,48,82,100,PASS
S1021,MA102,2025-NOV,REGULAR,27,51,78,100,PASS
S1022,EC101,2025-NOV,REGULAR,35,46,81,100,PASS
S1022,MA102,2025-NOV,REGULAR,29,50,79,100,PASS
S1023,EC101,2025-NOV,REGULAR,30,43,73,100,PASS
S1023,MA102,2025-NOV,REGULAR,25,49,74,100,PASS
S1024,EC101,2025-NOV,REGULAR,36,45,81,100,PASS
S1024,MA102,2025-NOV,REGULAR,30,48,78,100,PASS
S1025,EC101,2025-NOV,REGULAR,35,46,81,100,PASS
S1025,MA102,2025-NOV,REGULAR,28,49,77,100,PASS
S1026,EC101,2025-NOV,REGULAR,28,34,62,100,PASS
S1026,MA102,2025-NOV,REGULAR,32,42,74,100,PASS
S1027,EC101,2025-NOV,REGULAR,24,32,56,100,PASS
S1027,MA102,2025-NOV,REGULAR,30,40,70,100,PASS
S1028,EC101,2025-NOV,REGULAR,30,38,68,100,PASS
S1028,MA102,2025-NOV,REGULAR,34,44,78,100,PASS
S1029,EC101,2025-NOV,REGULAR,20,28,48,100,PASS
S1029,MA102,2025-NOV,REGULAR,26,36,62,100,PASS
S1030,EC101,2025-NOV,REGULAR,26,30,56,100,PASS
S1030,MA102,2025-NOV,REGULAR,30,40,70,100,PASS
S1031,EC101,2024-NOV,REGULAR,37,28,65,100,PASS
S1031,MA102,2024-NOV,REGULAR,21,31,52,100,PASS
S1031,EC202,2025-NOV,REGULAR,39,35,74,100,PASS
S1031,MA202,2025-NOV,REGULAR,34,23,57,100,PASS
S1032,EC101,2024-NOV,REGULAR,29,34,63,100,PASS
S1032,MA102,2024-NOV,REGULAR,28,21,49,100,PASS
S1032,EC201,2025-NOV,REGULAR,31,27,58,100,PASS
S1032,EC202,2025-NOV,REGULAR,36,36,72,100,PASS
S1032,MA202,2025-NOV,REGULAR,34,28,62,100,PASS
S1033,EC101,2024-NOV,REGULAR,39,38,77,100,PASS
S1033,MA102,2024-NOV,REGULAR,39,39,78,100,PASS
S1033,EC201,2025-NOV,REGULAR,40,40,80,100,PASS
S1033,EC202,2025-NOV,REGULAR,40,40,80,100,PASS
S1033,MA202,2025-NOV,REGULAR,40,40,80,100,PASS
S1034,EC101,2024-NOV,REGULAR,26,28,54,100,PASS
S1034,MA102,2024-NOV,REGULAR,22,31,53,100,PASS
S1034,EC201,2025-NOV,REGULAR,29,29,58,100,PASS
S1034,EC202,2025-NOV,REGULAR,35,35,70,100,PASS
S1034,MA202,2025-NOV,REGULAR,33,29,62,100,PASS
S1035,EC101,2024-NOV,REGULAR,32,30,62,100,PASS
S1035,MA102,2024-NOV,REGULAR,28,32,60,100,PASS
S1035,EC201,2025-NOV,REGULAR,34,37,71,100,PASS
S1035,EC202,2025-NOV,REGULAR,40,40,80,100,PASS
S1035,MA202,2025-NOV,REGULAR,39,40,79,100,PASS
S1036,EC101,2024-NOV,REGULAR,29,27,56,100,PASS
S1036,MA102,2024-NOV,REGULAR,28,28,56,100,PASS
S1036,EC201,2025-NOV,REGULAR,30,30,60,100,PASS
S1036,EC202,2025-NOV,REGULAR,29,29,58,100,PASS
S1036,MA202,2025-NOV,REGULAR,28,28,56,100,PASS
S1037,EC101,2024-NOV,REGULAR,27,26,53,100,PASS
S1037,MA102,2024-NOV,REGULAR,26,27,53,100,PASS
S1037,EC201,2025-NOV,REGULAR,29,29,58,100,PASS
S1037,EC202,2025-NOV,REGULAR,28,28,56,100,PASS
S1037,MA202,2025-NOV,REGULAR,26,26,52,100,PASS
S1038,EC101,2024-NOV,REGULAR,26,25,51,100,PASS
S1038,MA102,2024-NOV,REGULAR,25,26,51,100,PASS
S1038,EC201,2025-NOV,REGULAR,28,28,56,100,PASS
S1038,EC202,2025-NOV,REGULAR,27,27,54,100,PASS
S1038,MA202,2025-NOV,REGULAR,25,25,50,100,PASS
S1039,EC101,2024-NOV,REGULAR,30,30,60,100,PASS
S1039,MA102,2024-NOV,REGULAR,29,29,58,100,PASS
S1039,EC201,2025-NOV,REGULAR,31,31,62,100,PASS
S1039,EC202,2025-NOV,REGULAR,30,30,60,100,PASS
S1039,MA202,2025-NOV,REGULAR,29,29,58,100,PASS
S1040,EC101,2024-NOV,REGULAR,24,23,47,100,PASS
S1040,MA102,2024-NOV,REGULAR,23,24,47,100,PASS
S1040,EC201,2025-NOV,REGULAR,26,26,52,100,PASS
S1040,EC202,2025-NOV,REGULAR,25,25,50,100,PASS
S1040,MA202,2025-NOV,REGULAR,23,23,46,100,PASS
S1004,MA101,2025-NOV,REGULAR,15,24,39,100,FAIL
S1005,CS101,2025-NOV,REGULAR,22,,,100,ABSENT
S1006,CS101,2025-NOV,REGULAR,12,,,100,DETAINED
S1008,MA101,2025-NOV,REGULAR,16,20,36,100,FAIL
S1008,MA101,2026-JAN,SUPPLEMENTARY,16,31,47,100,PASS
S1011,CS201,2025-NOV,REGULAR,14,18,32,100,FAIL
S1011,CS202,2025-NOV,REGULAR,12,20,32,100,FAIL
S1011,MA201,2025-NOV,REGULAR,15,19,34,100,FAIL
S1012,CS201,2025-NOV,REGULAR,16,21,37,100,FAIL
S1031,EC201,2025-NOV,REGULAR,11,,,100,DETAINED
