student_id,full_name,programme,batch_year,current_semester,cgpa,active_backlogs
S1001,Kunal Mehta,B.Tech CSE,2025,3,8.32,0
S1002,Aaradhya Jain,B.Tech CSE,2025,3,7.88,0
S1003,Rohan Desai,B.Tech CSE,2025,3,9.1,0
S1004,Sanaa Shaikh,B.Tech CSE,2025,3,8.91,1
S1005,Siddharth Patil,B.Tech CSE,2025,3,7.62,1
S1006,Kavita Jain,B.Tech CSE,2025,3,7.5,1
S1007,Siddharth Agrawal,B.Tech CSE,2025,3,8.0,0
S1008,Rahul Goyal,B.Tech CSE,2025,3,7.0,0
S1009,Aishwarya Sharma,B.Tech CSE,2025,3,6.5,0
S1010,Prateek Kumar,B.Tech CSE,2025,3,9.0,0
S1011,Kamaljeet Kaur,B.Tech CSE,2024,5,6.9,3
S1012,Harjot Singh,B.Tech CSE,2024,5,7.2,1
S1013,Kiranpreet Kaur,B.Tech CSE,2024,5,6.5,0
S1014,Ravneet Kaur,B.Tech CSE,2024,5,6.49,0
S1015,Rupinder Singh,B.Tech CSE,2024,5,8.5,0
S1016,Rahul Desai,B.Tech CSE,2024,5,8.22,0
S1017,Aaradhya Mehta,B.Tech CSE,2024,5,7.95,0
S1018,Kashish Jain,B.Tech CSE,2024,5,8.45,0
S1019,Ishita Shah,B.Tech CSE,2024,5,7.68,0
S1020,Rohan Thakkar,B.Tech CSE,2024,5,8.91,0
S1021,Krishnaa Vardhan,B.Tech ECE,2025,3,8.29,0
S1022,Aaradhya Sathyam,B.Tech ECE,2025,3,8.48,0
S1023,Kalyani Aaryan,B.Tech ECE,2025,3,7.99,0
S1024,Srivatsan Govind,B.Tech ECE,2025,3,9.01,0
S1025,Rohanish Kalyan,B.Tech ECE,2025,3,8.65,0
S1026,Kritika Singh,B.Tech ECE,2025,3,8.25,0
S1027,Vivek Rathod,B.Tech ECE,2025,3,7.75,0
S1028,Nalini Jain,B.Tech ECE,2025,3,8.5,0
S1029,Rohan Kumar,B.Tech ECE,2025,3,7.25,0
S1030,Aaradhya Sharma,B.Tech ECE,2025,3,8.0,0
S1031,Aarti Kishore,B.Tech ECE,2024,5,8.17,1
S1032,Kavita Govardhan,B.Tech ECE,2024,5,7.59,0
S1033,Bhagwati Ram,B.Tech ECE,2024,5,9.02,0
S1034,Chandralekha Mahesh,B.Tech ECE,2024,5,6.98,0
S1035,Dharini Rajesh,B.Tech ECE,2024,5,8.46,0
S1036,Kavita Chandrakant,B.Tech ECE,2024,5,8.52,0
S1037,Rahul Kumar,B.Tech ECE,2024,5,8.32,0
S1038,Priyanka Suresh,B.Tech ECE,2024,5,7.82,0
S1039,Shruti Kishore,B.Tech ECE,2024,5,8.92,0
S1040,Aruna Srinivas,B.Tech ECE,2024,5,7.42,0
